epoch,acc,loss,val_acc,val_loss
0,0.09409056,4.726249510969278,0.10006139,4.47993875952328
